<?xml version="1.0" encoding="UTF-8"?>
<JPanel
        xmlns="org.aswing"
        xmlns:haxe="http://haxe.org/"
        xmlns:geom="org.aswing.geom"
        xmlns:border="org.aswing.border"
        xmlns:formatting="jive.formatting"
        xmlns:e="empty">
    <haxe:Implements><![CDATA[jive.DataContextControllable<demo.viewmodel.AccordionViewModel>]]></haxe:Implements>
    <layout>
        <BorderLayout/>
    </layout>
    <JLabel text="'Accordion'" horizontalAlignment="org.aswing.AsWingConstants.LEFT" constraints="org.aswing.BorderLayout.NORTH">
        <font>
            <ASFont name="'assets/Lato-Bold.ttf'" size="30"/>
        </font>
        <border>
            <border:EmptyBorder bottom="30"/>
        </border>
    </JLabel>
    <JTabbedPane constraints="org.aswing.BorderLayout.CENTER">
        <!-- Demos -->
        <TabInfo title="'Demo'">
            <content>
                <JPanel>
                    <layout>
                        <BorderLayout/>
                    </layout>
                    <border><border:EmptyBorder top="30"/></border>
                    <JLabel text="'FAQ'" horizontalAlignment="org.aswing.AsWingConstants.LEFT" constraints="org.aswing.BorderLayout.NORTH">
                        <font>
                            <ASFont name="'assets/Lato-Bold.ttf'" size="18"/>
                        </font>
                        <border>
                            <border:EmptyBorder bottom="15"/>
                        </border>
                    </JLabel>
                    <JAccordion>
                        <TabInfo title="'Can I put color buttons inside?'">
                            <content>
                                <SoftBox gap="10">
                                    <JButton text="'Hello wisteria world!'">
                                        <background>
                                            <ASColor rgb="0x8e44ad"/>
                                        </background>
                                    </JButton>
                                    <JButton text="'Hello world from Belize!'">
                                        <background>
                                            <ASColor rgb="0x2980b9"/>
                                        </background>
                                    </JButton>
                                    <JButton text="'Emeralds\'re better than diamonds!'">
                                        <background>
                                            <ASColor rgb="0x2ecc71"/>
                                        </background>
                                    </JButton>
                                    <JButton text="'Let\'s make it orange!'">
                                        <background>
                                            <ASColor rgb="0xf39c12"/>
                                        </background>
                                    </JButton>
                                    <JButton text="'I love pomegranates!'">
                                        <background>
                                            <ASColor rgb="0xc0392b"/>
                                        </background>
                                    </JButton>
                                </SoftBox>
                            </content>
                        </TabInfo>
                        <TabInfo title="'Can I put the accordion demo XML source inside?'">
                            <content>
                                <JScrollPane>
                                    <formatting:RegExFormattedTextArea text="{Binding xmlSource}" backgroundDecorator="null">
                                        <formatting:rules>
                                            <formatting:HmlRegExRules/>
                                        </formatting:rules>
                                    </formatting:RegExFormattedTextArea>
                                </JScrollPane>
                            </content>
                        </TabInfo>
                        <TabInfo title="'Can I put the Haxe logo inside?'">
                            <content>
                                <JPanel>
                                    <layout>
                                        <CenterLayout/>
                                    </layout>
                                    <JLabel horizontalAlignment="org.aswing.AsWingConstants.LEFT"><icon><AssetIcon asset="{Binding haxeLogo}" width="200" height="200" scale="true"/></icon></JLabel>
                                </JPanel>
                            </content>
                        </TabInfo>
                    </JAccordion>
                </JPanel>
            </content>
        </TabInfo>
        <!--Sources-->
        <TabInfo title="'View (XML source)'">
            <content>
                <JScrollPane>
                    <formatting:RegExFormattedTextArea text="{Binding xmlSource}" backgroundDecorator="null">
                        <formatting:rules>
                            <formatting:HmlRegExRules/>
                        </formatting:rules>
                    </formatting:RegExFormattedTextArea>
                </JScrollPane>
            </content>
        </TabInfo>
        <TabInfo title="'View Model (Haxe source)'">
            <content>
                <JScrollPane>
                    <formatting:RegExFormattedTextArea text="{Binding haxeSource}" backgroundDecorator="null">
                        <formatting:rules>
                            <formatting:HaxeRegExRules/>
                        </formatting:rules>
                    </formatting:RegExFormattedTextArea>
                </JScrollPane>
            </content>
        </TabInfo>
    </JTabbedPane>
</JPanel>
