<?xml version="1.0" encoding="UTF-8"?>
<JPanel xmlns="org.aswing"
         xmlns:haxe="http://haxe.org/"
         xmlns:geom="org.aswing.geom"
         xmlns:view="demo.view"
         xmlns:jive="jive"
         xmlns:border="org.aswing.border"
         xmlns:e="empty"
        >
    <haxe:Implements><![CDATA[jive.DataContextControllable<demo.viewmodel.DemoViewModel>]]></haxe:Implements>
    <layout>
        <BorderLayout hgap="50" vgap="30"/>
    </layout>

    <!--Left menu-->
    <SoftBox constraints="org.aswing.BorderLayout.WEST">
        <JList selectedIndex="{Binding menuSelectedIndex mode=twoway}">
            <background>
                <ASColor rgb="0xe1e1e1"/>
            </background>
            <selectionBackground>
                <ASColor rgb="0x34495e"/>
            </selectionBackground>
            <preferredSize>
                <geom:IntDimension width="220" height="-1"/>
            </preferredSize>
            <model>
                <VectorListModel>
                    <e:String>'Buttons'</e:String>
                    <e:String>'Text fields'</e:String>
                    <e:String>'Progress bar and Slider'</e:String>
                    <e:String>'Combo Box'</e:String>
                </VectorListModel>
            </model>
        </JList>
        <SoftBox visibility="{Binding areLinksVisible}">
            <JSpacer><preferredSize>
                <geom:IntDimension width="30" height="30"/>
            </preferredSize></JSpacer>
            <JLabel text="'Others:'" horizontalAlignment="org.aswing.AsWingConstants.LEFT"/>
            <JLabelButton text="'Flash Demo'" horizontalAlignment="org.aswing.AsWingConstants.LEFT">
                <command>
                    <jive:OpenLinkCommand url="'/flash.html'"/>
                </command>
            </JLabelButton>
            <JLabelButton text="'Windows Demo'" horizontalAlignment="org.aswing.AsWingConstants.LEFT">
                <command>
                    <jive:OpenLinkCommand url="'/demos/jive-demo.zip'"/>
                </command>
            </JLabelButton>

            <JLabelButton text="'OSX Demo'" horizontalAlignment="org.aswing.AsWingConstants.LEFT">
                <command>
                    <jive:OpenLinkCommand url="'/demos/jive-demo.dmg'"/>
                </command>
            </JLabelButton>

        </SoftBox>
    </SoftBox>

    <!-- demo.Main content -->
    <jive:Spot selectedIndex="{Binding menuSelectedIndex}" constraints="org.aswing.BorderLayout.CENTER">
        <layout>
            <BoxLayout/>
        </layout>
        <view:ButtonsView id="buttonsView" dataContext="{Binding buttonsVM}"/>
        <view:TextView dataContext="{Binding textVM}"/>
        <view:ProgressView dataContext="{Binding progressVM}"/>
        <view:ComboBoxView dataContext="{Binding comboboxVM}"/>
    </jive:Spot>
</JPanel>