<?xml version="1.0" encoding="UTF-8"?>
<JPanel
        xmlns="org.aswing"
        xmlns:haxe="http://haxe.org/"
        xmlns:geom="org.aswing.geom"
        xmlns:border="org.aswing.border"
        xmlns:formatting="jive.formatting">
    <haxe:Implements><![CDATA[jive.DataContextControllable<demo.viewmodel.ProgressViewModel>]]></haxe:Implements>
    <layout>
        <BorderLayout/>
    </layout>
    <JLabel text="'Progress bar and Slider'" horizontalAlignment="org.aswing.AsWingConstants.LEFT" constraints="org.aswing.BorderLayout.NORTH">
        <font>
            <ASFont name="'assets/Lato-Bold.ttf'" size="30"/>
        </font>
        <border>
            <border:EmptyBorder bottom="15"/>
        </border>
    </JLabel>
    <JTabbedPane constraints="org.aswing.BorderLayout.CENTER" selectedIndex="{Binding selectedSpotIndex mode=twoway}">
        <!-- Demos -->
        <TabInfo title="'Demo'">
            <content>
                <JPanel>
                    <layout>
                        <CenterLayout/>
                    </layout>
                    <SoftBox gap="10">
                        <SoftBox>
                            <border>
                                <border:LineBorder thickness="1" round="5">
                                    <border:interior>
                                        <border:EmptyBorder top="30" left="30" bottom="30" right="30"/>
                                    </border:interior>
                                    <border:color>
                                        <ASColor rgb="0xe1e1e1"/>
                                    </border:color>
                                </border:LineBorder>
                            </border>

                            <JLabel text="'Progress bar'" horizontalAlignment="org.aswing.AsWingConstants.LEFT"/>
                            <JProgressBar indeterminate="{Binding isScrollbarIndeterminate}" value="{Binding sliderValue}">
                                <preferredSize>
                                    <geom:IntDimension width="300" height="10"/>
                                </preferredSize>
                            </JProgressBar>

                            <JSpacer><preferredSize><geom:IntDimension width="5" height="5"/></preferredSize></JSpacer>
                            <JCheckBox text="'Indeterminate progress'" selected="{Binding isScrollbarIndeterminate mode=twoway}" horizontalAlignment="org.aswing.AsWingConstants.LEFT"/>

                            <JSpacer><preferredSize><geom:IntDimension width="10" height="10"/> </preferredSize></JSpacer>
                            <JLabel text="'Move slider to make a progress'" horizontalAlignment="org.aswing.AsWingConstants.LEFT"/>

                            <JPanel>
                                <JSlider value="{Binding sliderValue mode=twoway}">
                                    <preferredSize>
                                        <geom:IntDimension width="300" height="20"/>
                                    </preferredSize>
                                </JSlider>
                            </JPanel>
                        </SoftBox>
                    </SoftBox>
                </JPanel>
            </content>
        </TabInfo>
        <!--Sources-->
        <TabInfo title="'View (XML source)'">
            <content>
                <JScrollPane>
                    <formatting:RegExFormattedTextArea text="{Binding xmlSource}" backgroundDecorator="null">
                        <formatting:rules>
                            <formatting:HmlRegExRules/>
                        </formatting:rules>
                    </formatting:RegExFormattedTextArea>
                </JScrollPane>
            </content>
        </TabInfo>
        <TabInfo title="'View Model (Haxe source)'">
            <content>
                <JScrollPane>
                    <formatting:RegExFormattedTextArea text="{Binding haxeSource}" backgroundDecorator="null">
                        <formatting:rules>
                            <formatting:HaxeRegExRules/>
                        </formatting:rules>
                    </formatting:RegExFormattedTextArea>
                </JScrollPane>
            </content>
        </TabInfo>
    </JTabbedPane>
</JPanel>
